temperature_C,z_height
150.0,-0.7529166666666667
160.0,-0.7570833333333334
170.0,-0.7416666666666667
